{"ProtoVersion":"V2_6","WorkflowID":"d9e8d81d-8bcc-4b15-bfb6-698440890c3a","WorkflowName":"OKR 助手","WorkflowDesc":"任务描述: 你是一名OKR教练，输入用户目标，需将其优化为SMART目标、匹配关键结果并给出追踪建议。\n示例问题: “如何提升销售业绩”","Nodes":[{"NodeID":"283cd94b-935d-37c8-5afb-b7ca70b11218","NodeName":"开始","NodeDesc":"","NodeType":"START","StartNodeData":{"WorkflowParams":[]},"Inputs":[],"Outputs":[],"NextNodeIDs":["1be7c034-5720-357d-13c7-b07c2945f0a6"],"NodeUI":"{\"data\":{\"isHovering\":false,\"isParallel\":false,\"source\":false,\"target\":true,\"debug\":null,\"error\":false,\"output\":[],\"schema\":null,\"checkDataError\":0},\"position\":{\"x\":400,\"y\":282},\"targetPosition\":\"left\",\"sourcePosition\":\"right\",\"selected\":false,\"measured\":{\"width\":250,\"height\":84}}"},{"NodeID":"09d4399e-02cc-179c-d120-68d48256f9af","NodeName":"结束","NodeDesc":"","NodeType":"END","Inputs":[],"Outputs":[{"Title":"Output","Type":"OBJECT","Required":[],"Properties":[],"Desc":"输出内容","AnalysisMethod":"COVER"}],"NextNodeIDs":[],"NodeUI":"{\"data\":{\"isHovering\":false,\"isParallel\":false,\"source\":true,\"target\":false,\"debug\":null,\"error\":false,\"output\":[],\"schema\":null,\"checkDataError\":0},\"position\":{\"x\":930,\"y\":76},\"targetPosition\":\"left\",\"sourcePosition\":\"right\",\"selected\":true,\"measured\":{\"width\":250,\"height\":84},\"dragging\":false}"},{"NodeID":"1be7c034-5720-357d-13c7-b07c2945f0a6","NodeName":"参数提取1","NodeDesc":"","NodeType":"PARAMETER_EXTRACTOR","ParameterExtractorNodeData":{"Parameters":[{"RefParameterID":"45d4937a-25f2-44e2-892c-ba868df4d906","Required":true,"SubParams":[]},{"RefParameterID":"b063d95c-0201-4a40-9310-5c3d745970ce","Required":true,"SubParams":[]}],"UserConstraint":"","ModelName":"workflow-pro","ModelParams":{"Temperature":0,"TopP":0.8,"MaxTokens":4000,"StopSequences":[],"ReplyFormat":""}},"Inputs":[],"Outputs":[],"NextNodeIDs":["e1708352-adb9-12b3-aa60-f6f909a56d27"],"NodeUI":"{\"data\":{\"content\":\"参数：目标描述、关键结果\",\"isHovering\":false,\"isParallel\":false,\"source\":true,\"target\":true,\"debug\":null,\"error\":false,\"output\":[{\"label\":\"Output\",\"desc\":\"输出内容\",\"optionType\":\"REFERENCE_OUTPUT\",\"type\":\"OBJECT\",\"children\":[{\"value\":\"45d4937a-25f2-44e2-892c-ba868df4d906\",\"label\":\"目标描述\",\"type\":\"STRING\",\"children\":[]},{\"value\":\"b063d95c-0201-4a40-9310-5c3d745970ce\",\"label\":\"关键结果\",\"type\":\"STRING\",\"children\":[]}]}],\"schema\":null,\"checkDataError\":0,\"displayPrompt\":\"\"},\"position\":{\"x\":600,\"y\":484},\"targetPosition\":\"left\",\"sourcePosition\":\"right\",\"selected\":false,\"measured\":{\"width\":250,\"height\":84},\"dragging\":false}"},{"NodeID":"e1708352-adb9-12b3-aa60-f6f909a56d27","NodeName":"大模型1","NodeDesc":"","NodeType":"LLM","LLMNodeData":{"ModelName":"cs-normal-70b","Temperature":0,"TopP":0,"MaxTokens":0,"Prompt":"{{user}}","SystemPrompt":"你是一名OKR教练。  \n输入：用户目标{{mb}}（需明确具体内容）、关键结果{{res}}（需符合SMART原则）。  \n输出：  \n\\- 将用户目标优化为符合SMART准则的目标  \n\\- 确保关键结果与优化后的目标紧密匹配  \n\\- 提供具体的追踪与执行建议  ","OutputFormat":"LLM_OUTPUT_TEXT","ModelParams":{"Temperature":0.7,"TopP":0.6,"MaxTokens":4000,"StopSequences":[],"ReplyFormat":""}},"Inputs":[{"Name":"user","Type":"STRING","Input":{"InputType":"SYSTEM_VARIABLE","SystemVariable":{"Name":"SYS.UserQuery","DialogHistoryLimit":15}},"Desc":"","IsRequired":false,"SubInputs":[],"DefaultValue":"","DefaultFileName":""},{"Name":"mb","Type":"STRING","Input":{"InputType":"REFERENCE_OUTPUT","Reference":{"NodeID":"1be7c034-5720-357d-13c7-b07c2945f0a6","JsonPath":"Output.目标描述"}},"Desc":"","IsRequired":false,"SubInputs":[],"DefaultValue":"","DefaultFileName":""},{"Name":"res","Type":"STRING","Input":{"InputType":"REFERENCE_OUTPUT","Reference":{"NodeID":"1be7c034-5720-357d-13c7-b07c2945f0a6","JsonPath":"Output.关键结果"}},"Desc":"","IsRequired":false,"SubInputs":[],"DefaultValue":"","DefaultFileName":""}],"Outputs":[],"NextNodeIDs":["c7b86363-8041-6d4b-e6b2-3bdd69eca6db"],"NodeUI":"{\"data\":{\"content\":\"输出：Output.Content, Output.Thought\",\"isHovering\":false,\"isParallel\":false,\"source\":true,\"target\":true,\"debug\":null,\"error\":false,\"output\":[{\"label\":\"Output\",\"desc\":\"输出内容\",\"optionType\":\"REFERENCE_OUTPUT\",\"type\":\"OBJECT\",\"children\":[]}],\"schema\":null,\"checkDataError\":0,\"displayPrompt\":\"<p><span data-w-e-type=\\\"slot\\\" data-w-e-is-void=\\\"\\\" data-w-e-is-inline=\\\"\\\" data-value=\\\"user\\\">{{user}}</span></p>\"},\"position\":{\"x\":705,\"y\":345},\"targetPosition\":\"left\",\"sourcePosition\":\"right\",\"selected\":false,\"measured\":{\"width\":250,\"height\":104}}","ExceptionHandling":{"Switch":"OFF","MaxRetries":"3","RetryInterval":"1","AbnormalOutputResult":"","HandleMethod":"EXCEPTION_OUTPUT","NextNodeIDs":[]},"PendingMessage":{"Switch":"OFF","Content":"","DelaySeconds":"1"}},{"NodeID":"c7b86363-8041-6d4b-e6b2-3bdd69eca6db","NodeName":"回复1","NodeDesc":"","NodeType":"ANSWER","AnswerNodeData":{"Answer":"{{answer}}"},"Inputs":[{"Name":"answer","Type":"STRING","Input":{"InputType":"REFERENCE_OUTPUT","Reference":{"NodeID":"e1708352-adb9-12b3-aa60-f6f909a56d27","JsonPath":"Output.Content"}},"Desc":"","IsRequired":false,"SubInputs":[],"DefaultValue":"","DefaultFileName":""}],"Outputs":[{"Title":"Output","Type":"OBJECT","Required":[],"Properties":[],"Desc":"输出内容","AnalysisMethod":"COVER"}],"NextNodeIDs":["09d4399e-02cc-179c-d120-68d48256f9af"],"NodeUI":"{\"data\":{\"content\":\"{{answer}}\",\"isHovering\":false,\"isParallel\":false,\"source\":true,\"target\":true,\"debug\":null,\"error\":false,\"output\":[{\"id\":\"faa73d78-12fb-b012-fbd2-34ed3c2c760c\",\"value\":\"Output\",\"label\":\"Output\",\"_uiId\":\"5842ed27-2c28-6931-1d1c-6c6ad5c19af3\",\"type\":\"OBJECT\",\"children\":[{\"id\":\"69da1944-9630-95c9-b092-60c821f0df63\",\"value\":\"Answer\",\"label\":\"Answer\",\"_uiId\":\"c64512df-05e8-b891-2fe5-6eef30116946\",\"type\":\"STRING\",\"children\":[]}]}],\"schema\":null,\"checkDataError\":0},\"position\":{\"x\":812,\"y\":239},\"targetPosition\":\"left\",\"sourcePosition\":\"right\",\"selected\":false,\"measured\":{\"width\":250,\"height\":84},\"dragging\":false}"}],"Edge":"[{\"source\":\"283cd94b-935d-37c8-5afb-b7ca70b11218\",\"sourceHandle\":\"283cd94b-935d-37c8-5afb-b7ca70b11218-source\",\"target\":\"1be7c034-5720-357d-13c7-b07c2945f0a6\",\"targetHandle\":\"1be7c034-5720-357d-13c7-b07c2945f0a6-target\",\"type\":\"custom\",\"data\":{\"connectedNodeIsHovering\":false,\"error\":false,\"isHovering\":false},\"id\":\"xy-edge__283cd94b-935d-37c8-5afb-b7ca70b11218283cd94b-935d-37c8-5afb-b7ca70b11218-source-1be7c034-5720-357d-13c7-b07c2945f0a61be7c034-5720-357d-13c7-b07c2945f0a6-target\"},{\"source\":\"1be7c034-5720-357d-13c7-b07c2945f0a6\",\"sourceHandle\":\"1be7c034-5720-357d-13c7-b07c2945f0a6-source\",\"target\":\"e1708352-adb9-12b3-aa60-f6f909a56d27\",\"targetHandle\":\"e1708352-adb9-12b3-aa60-f6f909a56d27-target\",\"type\":\"custom\",\"data\":{\"connectedNodeIsHovering\":false,\"error\":false,\"isHovering\":false},\"id\":\"xy-edge__1be7c034-5720-357d-13c7-b07c2945f0a61be7c034-5720-357d-13c7-b07c2945f0a6-source-e1708352-adb9-12b3-aa60-f6f909a56d27e1708352-adb9-12b3-aa60-f6f909a56d27-target\"},{\"source\":\"e1708352-adb9-12b3-aa60-f6f909a56d27\",\"sourceHandle\":\"e1708352-adb9-12b3-aa60-f6f909a56d27-source\",\"target\":\"c7b86363-8041-6d4b-e6b2-3bdd69eca6db\",\"targetHandle\":\"c7b86363-8041-6d4b-e6b2-3bdd69eca6db-target\",\"type\":\"custom\",\"data\":{\"connectedNodeIsHovering\":false,\"error\":false,\"isHovering\":false},\"id\":\"xy-edge__e1708352-adb9-12b3-aa60-f6f909a56d27e1708352-adb9-12b3-aa60-f6f909a56d27-source-c7b86363-8041-6d4b-e6b2-3bdd69eca6dbc7b86363-8041-6d4b-e6b2-3bdd69eca6db-target\"},{\"source\":\"c7b86363-8041-6d4b-e6b2-3bdd69eca6db\",\"sourceHandle\":\"c7b86363-8041-6d4b-e6b2-3bdd69eca6db-source\",\"target\":\"09d4399e-02cc-179c-d120-68d48256f9af\",\"targetHandle\":\"09d4399e-02cc-179c-d120-68d48256f9af-target\",\"type\":\"custom\",\"data\":{\"connectedNodeIsHovering\":false,\"isHovering\":false,\"error\":false},\"id\":\"xy-edge__c7b86363-8041-6d4b-e6b2-3bdd69eca6dbc7b86363-8041-6d4b-e6b2-3bdd69eca6db-source-09d4399e-02cc-179c-d120-68d48256f9af09d4399e-02cc-179c-d120-68d48256f9af-target\"}]","Mode":"NORMAL","ReleaseTime":""}